1,Master Sheet,,https://docs.google.com/spreadsheets/d/1K2Cr0SBvlUjbXFbB0NeUBc-x-xG0RptgwndV3qReg-0/edit#gid=0,,,,
2,PSI Report,,https://docs.google.com/spreadsheets/d/1uaXT7a5jUfGJ-pu_SJhhoHhnJhIsZmh5y296DXvNcFg/edit#gid=0,,,,
3,Issues -  Faria Apu (After Sales),,https://docs.google.com/spreadsheets/d/1G2WRct2J3cnrYY73oZYbfGGIDbjixwi-rwvUQ1frlGw/edit#gid=0,,,,
4,End of June,,https://docs.google.com/spreadsheets/d/15hvnVGLNl2sMJ3Ff43JzBfzS5q-zTUVyvhLvaOpeHAY/edit?pli=1#gid=0,,,,
5,"Product Price",,https://docs.google.com/spreadsheets/d/14VQH4W042u2hQtzOqZyERgsL4bYj6wjsBXUNXAAgZwQ/edit?pli=1&gid=0#gid=0,,,,
6,Tally pending,,https://docs.google.com/spreadsheets/d/15YaaHDUksUcHJ3uBAY3Ey9P9Z8EPn6LbwTdvVj49jKo/edit#gid=0,,,,
7,Workbook,Mother Sheet,https://docs.google.com/spreadsheets/d/10nSJaCD953SrHsCz0w-GSx65Uy6C1NFOo7SRX-Ijreo/edit#gid=512379115,,,,
8,Order Drop-Raw,OPS-MIS,https://docs.google.com/spreadsheets/d/1RNFQb1EFeq9UH-c_Oe3kZsMRl4X6Ipz_F4uJ6Nip0h0/edit?gid=713096479#gid=713096479,,,,
9,Order Processing,"Maroof
Shitol",https://docs.google.com/spreadsheets/d/1-uKP2AFJyVrwibGMZVN7qy9sgdIeKGM4z74SYd4GUXQ/edit#gid=0,,,,
10,Logistic Vacay Mode,,https://docs.google.com/spreadsheets/d/1kpqukt_-avZEY8EXDu7yka2hVrAXruINqLn1PkEX51Q/edit?gid=0#gid=0,,,,
11,Honor-X9c,299p + 299p,https://docs.google.com/spreadsheets/d/1gKRk_5ZT1AyC2dKaX7Svm7IWOY6_mk9h-OY8K-uwTtU/edit?gid=1248262417#gid=1248262417,,,,
12,Redmi 14 Series,All,https://docs.google.com/spreadsheets/d/1-uKP2AFJyVrwibGMZVN7qy9sgdIeKGM4z74SYd4GUXQ/edit?gid=1986061660#gid=1986061660,,,,
13,POSM,Sales,https://docs.google.com/spreadsheets/d/1fpNj3wgLX7Z90B7qHW7Nx64Dorhh__ugU79dXdhV_Nw/edit?resourcekey=&pli=1&gid=1576727918#gid=1576727918,,,,
14,After-Sales,"Shakil V
Rana",https://docs.google.com/spreadsheets/d/1pJpyKDGYuOlZMufHCPfBCfuO-oTq1lT02gYkqIv9lTQ/edit?gid=462608077#gid=462608077,,,,
15,Service,Rana,"https://docs.google.com/spreadsheets/d/1lm4iskPhs-nedAmuDmlTuVD9macKhxKsdkqxmyj4ALI/edit?pli=1&gid=0#gid=0
https://docs.google.com/spreadsheets/d/1MtJ5Dn9hwSBhvcH5ekOBEtNyytjqjjiBD7zQW660f0w/edit?gid=0#gid=0
https://docs.google.com/spreadsheets/d/1AaPRMl8yKBjTTGCxeP59jluBnMww4wqEjvZKJCYeQJI/edit?gid=0#gid=0",,,,
16,Leave Application,All,https://docs.google.com/forms/d/e/1FAIpQLSdRApVjbdsR4eaSreUmLbc8HHCDjSYRWMKcZdoShLyN7et73w/viewform,,,,
17,Logistics: Unofficial,Order-Custom,https://docs.google.com/spreadsheets/d/1cyUR2BFj0nIWiXISx_dGn0wlMbXq8YJLt74omRxiq3c/edit?gid=0#gid=0,,,,
18,Logistics: Unofficial,OPS-MIS,https://docs.google.com/spreadsheets/d/1U1oAloFWrNMWpwe5KHcUDxGv8gTQyp8prAcMvyGq5yk/edit?resourcekey=&gid=257611599#gid=257611599,,,,
19,Logistics: Unofficial,Workstation - Yeasin,https://docs.google.com/spreadsheets/d/1Vy0LB_ROivQthO41x49ezzIi2xljesjdC59OlUSmG0E/edit?gid=1061898040#gid=1061898040,,,,
20,Logistics: Unofficial,Workstation2 - Yeasin,https://docs.google.com/spreadsheets/d/1bqkVehJun-96yjFNrJRw9S89e3YSjt1pu8e6d0x07bk/edit?gid=0#gid=0,,,,
21,Logistics: Unofficial,Nojrul Wing,https://docs.google.com/spreadsheets/d/1mop7ZAi0wxPjLmz-Fxc8u0vBKA9gtglrvO234QTEXDo/edit?gid=1592258554#gid=1592258554,,,,
22,,,,,,,
23,,,,,,,
24,,,,,,,
25,,,,,,,
26,,,,,,,
27,,,,,,,
28,,,,,,,
29,,,,,,,
,,,,,,,
,,,,,,,
,,,,,,,
,,,,,,,
,,,,,,,
,,,,,,,
,,,,,,,
,,,,,,,
,,,,,,,
,,,,,,,
,,,,,,,
,,,,,,,
,,,,,,,
,,,,,,,
,,,,,,,
,,,,,,,
,,,,,,,
,,,,,,,
,,,,,,,
,,,,,,,
,,,,,,,
,,,,,,,
,,,,,,,
,,,,,,,
,,,,,,,
,,,,,,,
,,,,,,,
,,,,,,,
,,,,,,,
,,,,,,,
,,,,,,,
,,,,,,,
,,,,,,,
,,,,,,,
,,,,,,,
,,,,,,,
,,,,,,,
,,,,,,,
,,,,,,,
,,,,,,,
,,,,,,,
,,,,,,,
,,,,,,,
,,,,,,,
,,,,,,,
,,,,,,,
,,,,,,,
,,,,,,,
,,,,,,,
,,,,,,,
,,,,,,,
,,,,,,,
S/N,Division,District,Store Name,Address,Contact Number,Agreement Status,
1,Chattogram,Cumilla,New Japan Electronics,Stadium Market Cumilla,1711392790,Received,
2,Chattogram,Cumilla,Hasan Enterprise ,"Saktola, Cumilla Sadar",1711432598,Received,
3,Chattogram,Chadpur,New City Electronics,"Holud potti,Hajigonj,Chadpur",1711953821,Received,Md Kobir Hossain Sumon
4,Chattogram,Brahmanbaria,Ether Electronics,"Fokirapol,B-Baria Sadar",1778505050,Received,
5,Chattogram,Chattogram,FM Electronics,"2nd Floor, 3 no Riffle Club,	Nondonkanon	Chattogram	",1824946334,Received,
6,Chattogram,Chattogram,BJ Electronics,"Shop No#154 (1st Floor), Chittagong Shopping Complex,	Shola Shahar	Chattogram	",1734640607,Received,Imran
7,Chattogram,Chattogram,Vision Electronics,"Mohammad Nagar, Bayezid, CTG",1849822622,Received,
8,Chattogram,Cox'sbazar,AKM Electronics,"Eidgah Bazar, Cox'sbazar",1818142316,Received,
9,Chattogram,Chattogram,Mobile Surgery (MI Store),"Shah Amir Market(1st floor), Beside the Boro Bazar Subur Road,        Patiya        Chattogram",01815-527212,Received,
10,Chattogram,Chattogram,Real Collection & Electronics,"Raj City Center, Lichu Bagan, Chandraghona, Rangunia, Chittagong","01842878841, 01761878841",Received,
11,Chattogram,Chattogram,Avilash Electronics,"334/B, CDA Avenue, M.M Ali Road, Ground floor, Lalkhan Bazar, Chattogram","01975925573, 01815925573",Received,
12,Dhaka,Faridpur,Smart home appliance ,"4 No,Bosher Monsion,Alipur,sadar,Faridpur",01716-321269,Received,
13,Dhaka,Dhaka,Sheba Electronics,"Ajompur bus stop Rajuk commercial shopping complex Level 05, shop no 620",8801765591144,Received,
14,Dhaka,Dhaka,Rafsan Telecom,"Shop no 43 (2nd floor), Shah ali plaza	Mirpur	Dhaka",1991306595,Received,
15,Dhaka,Dhaka,Aman Enterprise,"Kafil Chairman Market (Leguna Stand), Amin Bazar, Dhaka Savar	Dhaka",1725705705,Received,
16,Dhaka,Narayanganj,Bicon Electronics,"Shukkor Ali Plaza (2nd floor), Banti Adarsho Bazar	Araihazar	Narayanganj","01964558854, 01595521552",Received,
17,Dhaka,Narayanganj,Jahidul Electronics,"Kanchon Uttar Bazar, Kanchon        Rupganj        Narayanganj","01316-698609, 01316-698076",Received,
18,Dhaka,Gazipur,HM Electronics,"Mazar Road, Mouchak, Kaliakoir, Gazipur.	Kaliakoir	Gazipur",1841457563,Received,
19,Dhaka,Gazipur,Serve Electro,"I-16, North Bilashpur	Joydebpur	Gazipur",8801937338888,Received,
20,Dhaka,Tangail,Mithun Electronic,Gajnabi Complex        Shantikunjo Mor        Tangail,01743-717460,Received,15
21,Dhaka,Dhaka,Tahamina Electronics,"29/2 West Jatrabari, Shahid Faruk Road	Jatrabari	Dhaka",01639-988632,Received,
22,Dhaka,Dhaka,Wholesale Electronics,"Apurba Tower (ABC School) ,	Uttar Chashara	Narayanganj","01888-018887, 01894-431313",Received,
23,Khulna ,Khulna ,M/S Ahmad Brother,61 tetultola mor khulna ,1907120107,Received,
24,Khulna ,Khulna ,Viva AC Bazar,Modern Moor Khulna ,0 17 1644 6909,Received,
25,Khulna ,Jessore,HR Electronics ,Ghop Beltola Sadar jail Road Jessore,017 0963 3047,Received,
26,Khulna ,Kushtia,Aristo Computers,"Suhail Tower, 9/2 BC Street, babor ali gate, kushtia-7000",1712450101,Received,
27,Rajshahi,Rajshahi,SS Traders,"Vodra abasik-3,Sadar Rajshahi",1711504879,Received,Shohag
28,Rajshahi,Pabna,MI Store RT Communication,"Central girls school market, Thana road,Sadar Pabna",1711507130,Received,FR Associate
29,Sylhet,Sylhet,Shahjahan Telecom,"42, Karim Ullah Market, (4th floor), Bondor Bazar, Sylhet",1712148006,Received,